Наименование дивана,Цена дивана
Диван Нумо Мини Textile Silver,22 990руб.
Диван Нумо Мини Textile Sky,22 990руб.
Диван Нумо Мини Textile Navy Blue,22 990руб.
Диван Нумо Мини Textile Grafit,22 990руб.
Диван Нумо Мини Textile Yellow,22 990руб.
Диван Нумо Мини Velvet Ginger,22 990руб.
Диван Нумо Velvet Yellow,35 990руб.
Диван Нумо Velvet Grey,35 990руб.
Диван Нумо Velvet Latte,35 990руб.
Диван Нумо Velvet Light,35 990руб.
Диван Нумо Velvet Pink,35 990руб.
Диван Нумо Velvet Grafit,35 990руб.
Диван Нумо Velvet Green,35 990руб.
Диван Маре Мини Velvet Beige,26 990руб.
Диван Маре Мини Velvet Mint,26 990руб.
Диван Маре Мини Velvet Yellow,26 990руб.
Диван Маре Мини Velvet Silver,26 990руб.
Диван Маре Мини Velvet Emerald,26 990руб.
Диван Маре Мини Velvet Grafit,26 990руб.
Диван Маре Мини Velvet Pink,26 990руб.
Диван Бонс-Т Velvet Navy Blue,39 990руб.
Диван Бонс-Т Velvet Mint,39 990руб.
Диван Бонс-Т Velvet Silver,39 990руб.
Диван Бонс-Т Velvet Beige,39 990руб.
Диван Бонс-Т Velvet Emerald,39 990руб.
Диван Бонс-Т Velvet Yellow,39 990руб.
Диван Бонс-Т Velvet Terra,39 990руб.
Диван Види Textile Light,22 990руб.
Диван Види Textile Corall,22 990руб.
Диван Види Textile Yellow,22 990руб.
Диван Види Textile Ocean,22 990руб.
Диван Види Textile Navy Blue,22 990руб.
Диван Види Textile Grey,22 990руб.
Диван Льери Мини Velvet Emerald,56 990руб.
Диван Льери Мини Velvet Atlantic,56 990руб.
Диван Льери Мини Velvet Light,56 990руб.
Диван Льери Мини Velvet Coral,56 990руб.
Диван Льери Мини Velvet Grey,56 990руб.
Диван Льери Мини Bucle White,66 990руб.
Диван Льери Мини Velvet Yellow,56 990руб.
Диван Кейсес Velvet Navy Blue,24 990руб.
Диван Кейсес Velvet Pink,24 990руб.
Диван Кейсес Velvet Yellow,24 990руб.
Диван Кейсес Velvet Latte,24 990руб.
Диван Кейсес Velvet Grey,24 990руб.
Диван Кейсес Velvet Grafit,24 990руб.
Диван Кейсес Velvet Olive,24 990руб.
Диван Клаймар Velvet Moss,59 990руб.
Диван Клаймар Velvet Beige,59 990руб.
Диван Клаймар Velvet Grey,59 990руб.
Диван Клаймар Velvet Blue,59 990руб.
Диван Клаймар Velvet Terra,59 990руб.
Диван Клаймар Velvet Stone,59 990руб.
Диван Клаймар Velvet Smoke,59 990руб.
Диван Слипсон Velvet Milk,56 990руб.
Диван Слипсон Velvet Silver,56 990руб.
Диван Слипсон Velvet Olive,56 990руб.
Диван Слипсон Velvet Honey,56 990руб.
Диван Слипсон Happy Grafit,56 990руб.
Диван Слипсон Velvet Plum,56 990руб.
Диван Слипсон Velvet Emerald,56 990руб.
Диван Бонент Velvet Light,69 990руб.
Диван Бонент Velvet Grey,69 990руб.
Диван Бонент Velvet Terra,69 990руб.
Диван Бонент Velvet Smoke,69 990руб.
Диван Бонент Velvet Eclipse,69 990руб.
Диван Бонент Velvet Moss,69 990руб.
Диван Бонент Velvet Plum,69 990руб.
